                  epoch,         train/box_loss,         train/cls_loss,         train/dfl_loss,   metrics/precision(B),      metrics/recall(B),       metrics/mAP50(B),    metrics/mAP50-95(B),           val/box_loss,           val/cls_loss,           val/dfl_loss,                 lr/pg0,                 lr/pg1,                 lr/pg2
                      1,                 1.3347,                  4.431,                 1.4105,                0.39879,                0.27127,                0.24729,                0.20606,                0.97121,                 9.8246,                 1.1627,              8.671e-05,              8.671e-05,              8.671e-05
                      2,                  0.969,                 2.0425,                 1.1291,                0.65987,                0.45003,                0.53963,                0.43179,                0.83423,                 2.9665,                 1.0907,              0.0001795,              0.0001795,              0.0001795
                      3,                0.84654,                 1.2856,                 1.0605,                0.79091,                0.61198,                0.73155,                 0.5771,                0.82394,                 1.4458,                 1.0852,             0.00027167,             0.00027167,             0.00027167
                      4,                0.82331,                 1.0178,                 1.0236,                0.72126,                0.58114,                0.62626,                 0.4864,                0.96372,                  1.772,                 1.2574,             0.00036322,             0.00036322,             0.00036322
                      5,                 0.8299,                  0.935,                 1.0344,                0.62468,                0.65029,                0.68224,                0.54196,                 0.8847,                 1.3297,                 1.1415,             0.00045415,             0.00045415,             0.00045415
                      6,                0.82782,                 0.9137,                 1.0267,                0.63603,                0.64309,                0.70031,                0.54525,                0.85366,                 1.1601,                  1.095,             0.00054448,             0.00054448,             0.00054448
                      7,                0.79802,                0.83876,                 1.0172,                 0.6581,                 0.7127,                0.73608,                0.57435,                0.88976,                 1.1532,                  1.142,             0.00063418,             0.00063418,             0.00063418
                      8,                0.79305,                0.80031,                 1.0054,                0.73114,                0.65275,                0.73292,                0.58051,                0.85799,                  1.178,                 1.1422,             0.00065159,             0.00065159,             0.00065159
                      9,                0.77031,                0.74491,                 1.0006,                0.77728,                0.73267,                0.80888,                0.63648,                0.83704,                0.93929,                 1.1263,             0.00065159,             0.00065159,             0.00065159
                     10,                0.74123,                0.70255,                0.98581,                0.81621,                 0.7521,                0.81274,                0.64789,                0.79449,                0.92278,                 1.0985,             0.00064939,             0.00064939,             0.00064939
                     11,                0.75948,                0.69615,                0.98268,                0.80155,                0.74229,                 0.8114,                0.66381,                0.81671,                0.92348,                 1.1393,             0.00064719,             0.00064719,             0.00064719
                     12,                0.74188,                 0.6776,                 0.9804,                0.84238,                0.74389,                0.82184,                0.65493,                 0.8415,                0.94396,                 1.1545,             0.00064499,             0.00064499,             0.00064499
                     13,                0.71657,                0.64831,                0.96925,                0.78401,                0.67999,                 0.7608,                0.62117,                0.84788,                 1.0625,                 1.1328,             0.00064279,             0.00064279,             0.00064279
                     14,                0.72591,                0.64969,                0.98286,                0.75146,                0.70675,                 0.7744,                0.60924,                0.87371,                 1.0603,                 1.1391,             0.00064059,             0.00064059,             0.00064059
                     15,                0.72516,                0.63638,                0.96745,                0.73472,                0.69991,                0.76497,                0.59986,                0.91612,                 1.1732,                 1.1944,             0.00063839,             0.00063839,             0.00063839
                     16,                0.70171,                   0.62,                0.96971,                0.79472,                0.75618,                0.81046,                 0.6669,                0.79881,                0.99943,                 1.1202,             0.00063618,             0.00063618,             0.00063618
                     17,                0.70415,                 0.6004,                0.95615,                0.84409,                0.73102,                0.81036,                0.66688,                0.79453,                0.94726,                 1.1071,             0.00063398,             0.00063398,             0.00063398
                     18,                0.67361,                0.57092,                0.94941,                0.90083,                0.75596,                 0.8722,                0.69744,                0.83728,                0.78832,                 1.1185,             0.00063178,             0.00063178,             0.00063178
                     19,                0.66522,                0.55112,                0.94385,                0.84847,                0.81492,                0.86825,                0.69378,                0.78693,                0.72711,                 1.0986,             0.00062958,             0.00062958,             0.00062958
                     20,                0.66377,                0.55037,                 0.9403,                0.82252,                0.78989,                0.85136,                0.68268,                0.79023,                0.74875,                 1.1202,             0.00062738,             0.00062738,             0.00062738
                     21,                0.66646,                 0.5332,                0.93902,                0.85925,                0.76653,                0.86067,                0.71075,                0.77421,                0.78918,                 1.0886,             0.00062518,             0.00062518,             0.00062518
                     22,                0.65427,                0.52978,                0.93517,                0.83909,                0.76598,                0.84466,                0.68694,                0.80264,                0.84517,                 1.1275,             0.00062298,             0.00062298,             0.00062298
                     23,                0.65857,                0.53577,                0.94077,                0.85744,                0.73416,                 0.8453,                0.69196,                0.77996,                0.86461,                 1.1166,             0.00062078,             0.00062078,             0.00062078
                     24,                0.65565,                0.53064,                 0.9362,                0.82376,                0.73603,                0.84206,                0.70734,                0.77413,                0.87452,                 1.1068,             0.00061858,             0.00061858,             0.00061858
                     25,                0.64731,                0.51729,                0.93424,                0.78928,                0.78419,                0.83486,                 0.6904,                0.74759,                0.86989,                 1.0846,             0.00061637,             0.00061637,             0.00061637
                     26,                0.62365,                0.50435,                0.92716,                0.81616,                 0.7936,                0.85414,                0.71207,                0.75658,                0.76337,                  1.086,             0.00061417,             0.00061417,             0.00061417
                     27,                0.63484,                0.50491,                0.92476,                0.88576,                0.73904,                0.86062,                0.70459,                0.78359,                0.78425,                 1.0899,             0.00061197,             0.00061197,             0.00061197
                     28,                0.64959,                0.51933,                0.93066,                0.80701,                0.83659,                 0.8735,                0.71577,                0.77575,                0.77693,                 1.1137,             0.00060977,             0.00060977,             0.00060977
                     29,                0.64227,                0.50491,                0.92592,                0.86307,                0.80766,                0.88177,                0.72543,                 0.7632,                0.75812,                 1.1126,             0.00060757,             0.00060757,             0.00060757
                     30,                0.62437,                0.48666,                0.92233,                0.87995,                0.77759,                0.86184,                 0.7234,                0.72593,                0.78926,                 1.0831,             0.00060537,             0.00060537,             0.00060537
                     31,                0.61273,                0.46287,                0.91271,                0.87765,                0.80416,                0.88108,                 0.7439,                0.74334,                0.76943,                 1.0777,             0.00060317,             0.00060317,             0.00060317
                     32,                0.61112,                0.47189,                0.92224,                0.92308,                0.78667,                0.88966,                0.73513,                0.73599,                0.71839,                 1.0859,             0.00060097,             0.00060097,             0.00060097
                     33,                0.60776,                0.46554,                0.91233,                0.86763,                0.83074,                 0.8876,                0.74197,                0.76034,                0.68989,                 1.0903,             0.00059877,             0.00059877,             0.00059877
                     34,                0.60379,                0.46683,                0.90791,                0.84401,                0.84469,                0.89239,                0.75497,                0.72282,                0.72078,                 1.0709,             0.00059656,             0.00059656,             0.00059656
                     35,                 0.6036,                  0.468,                0.91274,                0.85136,                0.82342,                0.88832,                0.74798,                0.73559,                0.72719,                 1.0964,             0.00059436,             0.00059436,             0.00059436
                     36,                0.61213,                 0.4733,                0.91877,                0.84214,                0.81006,                0.87328,                0.73024,                0.74489,                0.72536,                 1.1106,             0.00059216,             0.00059216,             0.00059216
                     37,                0.62163,                0.47979,                0.92215,                0.83897,                0.82892,                0.87125,                0.73235,                 0.7592,                0.72408,                 1.1175,             0.00058996,             0.00058996,             0.00058996
                     38,                0.59621,                0.45615,                0.91218,                0.79189,                0.80233,                0.85837,                0.72061,                0.75291,                0.83011,                 1.0953,             0.00058776,             0.00058776,             0.00058776
                     39,                0.58114,                0.44796,                0.90118,                0.80807,                0.80664,                0.84048,                0.71217,                0.75226,                0.80537,                 1.1207,             0.00058556,             0.00058556,             0.00058556
                     40,                0.58633,                0.44654,                0.90568,                0.84773,                 0.7999,                 0.8872,                0.75169,                0.71549,                0.71127,                 1.0894,             0.00058336,             0.00058336,             0.00058336
                     41,                 0.5768,                0.44988,                0.90382,                0.87318,                0.82574,                0.89191,                0.73559,                0.73783,                0.68919,                 1.0963,             0.00058116,             0.00058116,             0.00058116
                     42,                0.58785,                0.45144,                0.90254,                0.90172,                0.83709,                0.88358,                0.75068,                0.71144,                0.70547,                 1.0865,             0.00057896,             0.00057896,             0.00057896
                     43,                0.58626,                 0.4381,                0.90366,                0.86216,                0.78537,                0.84741,                0.70349,                0.76017,                0.76151,                 1.1215,             0.00057675,             0.00057675,             0.00057675
                     44,                0.56108,                 0.4249,                0.89918,                0.86107,                0.82808,                0.88325,                0.73251,                0.73266,                0.69585,                  1.098,             0.00057455,             0.00057455,             0.00057455
                     45,                0.56062,                0.43196,                0.89759,                0.86292,                0.85339,                0.88899,                0.74321,                0.71042,                0.66331,                 1.0816,             0.00057235,             0.00057235,             0.00057235
                     46,                0.57398,                0.43647,                0.89856,                0.88785,                0.85105,                0.89414,                 0.7561,                0.71168,                0.66508,                 1.0756,             0.00057015,             0.00057015,             0.00057015
                     47,                0.57488,                0.43675,                0.90015,                0.87415,                0.83532,                  0.889,                0.75737,                0.68767,                0.68353,                 1.0547,             0.00056795,             0.00056795,             0.00056795
                     48,                 0.5684,                0.42774,                0.90527,                0.86043,                0.85259,                0.89992,                0.76537,                 0.6927,                0.64316,                 1.0552,             0.00056575,             0.00056575,             0.00056575
                     49,                0.57582,                0.43291,                0.90152,                0.85567,                0.83833,                0.89238,                0.75336,                0.68368,                0.66703,                 1.0567,             0.00056355,             0.00056355,             0.00056355
                     50,                 0.5601,                0.42005,                0.89644,                0.86518,                0.84707,                0.90898,                0.76512,                0.69249,                 0.6172,                 1.0758,             0.00056135,             0.00056135,             0.00056135
                     51,                0.56382,                0.41695,                0.89915,                0.89379,                0.83357,                0.90482,                0.75987,                0.72029,                 0.6135,                 1.0814,             0.00055915,             0.00055915,             0.00055915
                     52,                0.54369,                0.41034,                0.88288,                0.88989,                0.83499,                 0.8947,                0.74713,                0.71317,                0.69361,                 1.0616,             0.00055694,             0.00055694,             0.00055694
                     53,                0.55124,                0.41885,                0.89418,                0.87718,                 0.8017,                0.87675,                0.73348,                0.72414,                0.73244,                 1.0685,             0.00055474,             0.00055474,             0.00055474
                     54,                 0.5593,                 0.4172,                0.89141,                0.86417,                0.79198,                0.86911,                 0.7293,                 0.7217,                0.73768,                 1.0761,             0.00055254,             0.00055254,             0.00055254
                     55,                0.54406,                0.40882,                0.88839,                0.86174,                0.83228,                0.89628,                0.75254,                0.70195,                0.66644,                 1.0717,             0.00055034,             0.00055034,             0.00055034
                     56,                0.52481,                0.39265,                0.89014,                0.86213,                0.85447,                0.89299,                0.75301,                0.68786,                0.64205,                 1.0562,             0.00054814,             0.00054814,             0.00054814
                     57,                0.54091,                0.40445,                0.88886,                 0.8707,                0.85133,                 0.9026,                0.77247,                0.70396,                0.63916,                 1.0747,             0.00054594,             0.00054594,             0.00054594
                     58,                0.54089,                0.40719,                0.88498,                0.93672,                0.82002,                 0.9005,                0.77458,                0.66949,                0.66288,                  1.033,             0.00054374,             0.00054374,             0.00054374
                     59,                0.54105,                0.40592,                0.88658,                0.89136,                0.83424,                0.89346,                0.75802,                 0.6757,                0.68343,                 1.0426,             0.00054154,             0.00054154,             0.00054154
                     60,                0.52478,                0.39467,                0.88525,                0.89123,                0.83293,                0.89483,                0.75955,                0.68091,                0.61028,                 1.0699,             0.00053934,             0.00053934,             0.00053934
                     61,                0.53326,                0.39126,                0.88661,                0.90269,                0.81394,                0.89693,                 0.7492,                0.71026,                0.66023,                 1.0738,             0.00053714,             0.00053714,             0.00053714
                     62,                0.52732,                0.38657,                0.88151,                 0.8783,                0.84943,                0.88699,                 0.7539,                0.71164,                0.66805,                 1.0885,             0.00053493,             0.00053493,             0.00053493
                     63,                0.53414,                0.38939,                0.87959,                0.92252,                0.84013,                0.90027,                0.77703,                0.69049,                0.63174,                 1.0486,             0.00053273,             0.00053273,             0.00053273
                     64,                0.52499,                 0.3888,                0.88147,                0.90623,                 0.8474,                0.90517,                0.76184,                 0.6939,                0.67225,                 1.0427,             0.00053053,             0.00053053,             0.00053053
                     65,                0.51515,                0.38086,                 0.8759,                 0.8816,                0.81064,                0.88738,                0.75041,                0.69795,                0.72261,                 1.0604,             0.00052833,             0.00052833,             0.00052833
                     66,                0.52312,                0.39007,                0.88422,                0.85681,                0.84796,                0.88807,                 0.7431,                0.72478,                0.69322,                 1.0813,             0.00052613,             0.00052613,             0.00052613
                     67,                0.53175,                0.38727,                0.88039,                0.85093,                0.83225,                0.89283,                0.75778,                0.69816,                0.69618,                 1.0511,             0.00052393,             0.00052393,             0.00052393
                     68,                  0.513,                0.37974,                0.87806,                0.88768,                 0.8375,                0.90294,                0.77656,                0.66201,                0.65819,                  1.049,             0.00052173,             0.00052173,             0.00052173
                     69,                 0.5124,                0.37554,                0.88301,                0.86259,                 0.8754,                0.91026,                0.77778,                0.67971,                0.65144,                 1.0412,             0.00051953,             0.00051953,             0.00051953
                     70,                0.51607,                0.37463,                0.87374,                 0.8336,                0.86018,                0.90347,                0.77789,                0.67625,                0.63661,                  1.052,             0.00051733,             0.00051733,             0.00051733
                     71,                0.51125,                0.37329,                0.87741,                0.88578,                0.86291,                0.90445,                0.75719,                0.68452,                0.60723,                 1.0629,             0.00051512,             0.00051512,             0.00051512
                     72,                0.51938,                0.37133,                 0.8741,                0.84311,                 0.8473,                0.88924,                0.75295,                0.67264,                0.66108,                  1.049,             0.00051292,             0.00051292,             0.00051292
                     73,                0.50602,                0.36667,                0.87523,                0.88418,                0.82869,                0.88242,                0.76485,                0.67517,                0.71744,                 1.0729,             0.00051072,             0.00051072,             0.00051072
                     74,                0.52343,                0.38193,                0.88501,                0.85657,                0.83929,                0.87733,                0.76785,                0.67898,                0.69612,                 1.0541,             0.00050852,             0.00050852,             0.00050852
                     75,                0.51116,                0.37846,                0.88144,                0.85931,                 0.8517,                0.88953,                0.76022,                0.67718,                0.65491,                 1.0698,             0.00050632,             0.00050632,             0.00050632
                     76,                0.50682,                0.37099,                0.87316,                0.87944,                0.85046,                0.90451,                0.77781,                0.66246,                0.61294,                 1.0619,             0.00050412,             0.00050412,             0.00050412
                     77,                0.49741,                0.36653,                 0.8719,                0.89508,                0.80248,                 0.8938,                0.75972,                0.67968,                0.61676,                 1.0587,             0.00050192,             0.00050192,             0.00050192
                     78,                  0.504,                 0.3702,                0.88157,                0.87854,                0.81984,                0.89147,                0.75634,                0.68916,                0.63451,                 1.0764,             0.00049972,             0.00049972,             0.00049972
                     79,                0.49724,                0.36821,                0.87631,                0.88208,                0.82992,                0.89391,                0.76825,                0.64699,                0.65191,                   1.02,             0.00049752,             0.00049752,             0.00049752
                     80,                0.50475,                0.36792,                 0.8676,                0.87663,                0.80182,                0.88543,                0.76009,                   0.68,                0.71534,                 1.0566,             0.00049531,             0.00049531,             0.00049531
                     81,                0.48823,                0.36365,                0.87446,                0.81673,                0.86887,                0.89026,                0.75946,                 0.6884,                0.68203,                 1.0487,             0.00049311,             0.00049311,             0.00049311
                     82,                  0.496,                0.36364,                0.87151,                0.84616,                 0.8242,                0.88768,                0.76327,                 0.6829,                0.66385,                 1.0404,             0.00049091,             0.00049091,             0.00049091
                     83,                0.49894,                0.36256,                  0.874,                0.89153,                0.84395,                0.89706,                0.76848,                0.66969,                0.62712,                 1.0569,             0.00048871,             0.00048871,             0.00048871
                     84,                0.50299,                0.36021,                0.86755,                0.95519,                0.83192,                0.90991,                0.78131,                0.66868,                0.63083,                 1.0535,             0.00048651,             0.00048651,             0.00048651
                     85,                0.48649,                0.35303,                0.86722,                0.93774,                0.82524,                0.91129,                0.78135,                0.66078,                0.63923,                  1.053,             0.00048431,             0.00048431,             0.00048431
                     86,                0.50216,                0.35463,                0.87341,                0.92025,                 0.8282,                0.91107,                0.77396,                0.66587,                0.61527,                 1.0477,             0.00048211,             0.00048211,             0.00048211
                     87,                0.49261,                0.36282,                0.86977,                0.84812,                0.85764,                0.89022,                0.77186,                0.66459,                0.63286,                  1.045,             0.00047991,             0.00047991,             0.00047991
                     88,                0.49244,                0.35376,                0.86947,                0.84038,                 0.8644,                0.89469,                0.78754,                0.65892,                0.62485,                 1.0403,             0.00047771,             0.00047771,             0.00047771
                     89,                 0.4799,                0.35456,                0.86211,                0.89445,                  0.813,                0.89857,                0.78148,                  0.669,                0.61769,                 1.0628,              0.0004755,              0.0004755,              0.0004755
                     90,                0.48049,                0.34827,                0.86371,                0.90093,                0.85245,                0.90989,                0.78653,                0.68491,                0.59573,                 1.0733,              0.0004733,              0.0004733,              0.0004733
                     91,                0.48011,                0.34699,                0.86453,                0.85554,                0.86595,                0.91132,                0.79051,                0.66159,                0.55884,                 1.0471,              0.0004711,              0.0004711,              0.0004711
                     92,                0.47136,                0.34227,                0.85966,                 0.9053,                0.82532,                0.90857,                0.77881,                0.71041,                0.55796,                 1.0914,              0.0004689,              0.0004689,              0.0004689
                     93,                0.48185,                0.34071,                0.86254,                0.84973,                 0.8894,                0.90811,                0.78424,                0.69109,                0.57059,                 1.0715,              0.0004667,              0.0004667,              0.0004667
                     94,                0.46768,                0.34104,                0.85796,                0.86183,                0.86115,                0.90069,                0.77428,                0.70352,                0.62635,                  1.081,              0.0004645,              0.0004645,              0.0004645
                     95,                0.46573,                0.33394,                0.86083,                0.91223,                0.83044,                0.90579,                0.76086,                0.73168,                0.59973,                 1.1188,              0.0004623,              0.0004623,              0.0004623
                     96,                0.45747,                0.32451,                0.86393,                0.89329,                0.84321,                0.89505,                0.75389,                0.70844,                0.64406,                 1.1063,              0.0004601,              0.0004601,              0.0004601
                     97,                0.46565,                0.33788,                0.86408,                0.90743,                0.86055,                0.90403,                0.77087,                0.68076,                0.63688,                 1.0906,              0.0004579,              0.0004579,              0.0004579
                     98,                0.47814,                0.34237,                0.86203,                0.90539,                0.85657,                0.90927,                0.77435,                0.67509,                0.59548,                 1.0604,             0.00045569,             0.00045569,             0.00045569
                     99,                0.46089,                0.32706,                0.85388,                0.88534,                0.88008,                0.91815,                0.79582,                0.66093,                0.58987,                 1.0447,             0.00045349,             0.00045349,             0.00045349
                    100,                0.46489,                0.33299,                0.86138,                0.89304,                0.86802,                0.91362,                0.78382,                0.68019,                0.59753,                 1.0639,             0.00045129,             0.00045129,             0.00045129
                    101,                0.46924,                0.33509,                0.86159,                0.90791,                0.86636,                 0.9209,                0.78615,                0.67809,                 0.5937,                 1.0535,             0.00044909,             0.00044909,             0.00044909
                    102,                0.46852,                0.33397,                0.85737,                0.89252,                0.86442,                0.91897,                0.78152,                0.70044,                 0.6166,                  1.072,             0.00044689,             0.00044689,             0.00044689
                    103,                0.46196,                0.32789,                0.86007,                0.89792,                0.86334,                0.91785,                 0.7885,                0.68008,                0.56933,                 1.0511,             0.00044469,             0.00044469,             0.00044469
                    104,                 0.4704,                0.33534,                0.85991,                0.89649,                0.86438,                0.91547,                0.78965,                0.65498,                0.57514,                 1.0415,             0.00044249,             0.00044249,             0.00044249
                    105,                0.45095,                0.32485,                0.85805,                0.87096,                 0.8624,                0.90795,                0.78265,                0.64533,                0.59913,                 1.0294,             0.00044029,             0.00044029,             0.00044029
                    106,                0.45011,                0.32526,                0.85175,                0.88004,                0.88159,                0.91515,                0.78805,                0.64657,                0.54999,                 1.0437,             0.00043809,             0.00043809,             0.00043809
                    107,                 0.4484,                0.32392,                0.85438,                0.89608,                0.85051,                0.90648,                0.77909,                0.63723,                0.60186,                 1.0228,             0.00043588,             0.00043588,             0.00043588
                    108,                0.46594,                0.33553,                0.85802,                0.87195,                0.83689,                0.89859,                0.77736,                0.66136,                0.65807,                 1.0561,             0.00043368,             0.00043368,             0.00043368
                    109,                0.45656,                0.33183,                 0.8584,                0.86453,                0.81958,                0.89031,                0.76893,                0.66097,                0.67945,                 1.0442,             0.00043148,             0.00043148,             0.00043148
                    110,                0.46057,                0.32912,                0.85952,                0.88482,                0.83162,                0.89807,                0.78052,                0.66897,                0.62393,                 1.0398,             0.00042928,             0.00042928,             0.00042928
                    111,                0.44738,                0.31907,                0.85654,                0.93086,                0.83856,                0.90085,                0.77914,                0.66325,                0.58729,                  1.054,             0.00042708,             0.00042708,             0.00042708
                    112,                0.45264,                0.32632,                0.85983,                0.93239,                 0.8227,                0.89548,                0.78042,                0.65764,                0.60451,                  1.056,             0.00042488,             0.00042488,             0.00042488
                    113,                0.45214,                0.32794,                0.86224,                0.91939,                0.84034,                 0.9086,                0.78338,                0.67126,                0.61681,                  1.062,             0.00042268,             0.00042268,             0.00042268
                    114,                 0.4486,                 0.3228,                0.85939,                0.88342,                0.86701,                0.90299,                0.78246,                 0.6609,                0.58505,                 1.0631,             0.00042048,             0.00042048,             0.00042048
                    115,                0.45726,                0.32575,                0.86057,                0.91233,                0.87474,                0.91124,                0.78874,                0.66163,                0.57094,                 1.0646,             0.00041828,             0.00041828,             0.00041828
                    116,                0.45288,                 0.3179,                  0.858,                0.88587,                0.88961,                0.92282,                 0.7924,                0.66551,                0.56718,                 1.0594,             0.00041607,             0.00041607,             0.00041607
                    117,                0.44535,                0.31923,                0.85559,                0.88968,                0.86267,                0.92058,                0.79601,                0.65124,                0.56892,                 1.0637,             0.00041387,             0.00041387,             0.00041387
                    118,                0.43273,                0.31134,                0.85147,                0.90425,                 0.8667,                0.92097,                0.79849,                 0.6573,                0.58213,                 1.0628,             0.00041167,             0.00041167,             0.00041167
                    119,                 0.4492,                0.32284,                0.85504,                0.89834,                0.88024,                0.91602,                0.78803,                 0.6434,                0.59737,                 1.0495,             0.00040947,             0.00040947,             0.00040947
                    120,                0.44445,                0.32021,                0.85647,                0.93193,                0.85152,                0.91601,                0.78049,                0.64688,                0.58932,                 1.0655,             0.00040727,             0.00040727,             0.00040727
                    121,                0.45039,                0.32053,                0.85753,                0.89797,                0.85566,                0.90523,                0.77248,                0.65054,                0.62026,                 1.0356,             0.00040507,             0.00040507,             0.00040507
                    122,                0.43562,                0.31479,                0.85492,                0.87931,                0.84767,                0.89329,                0.76858,                0.65248,                0.65373,                 1.0499,             0.00040287,             0.00040287,             0.00040287
                    123,                0.44213,                0.31937,                0.85145,                0.88989,                0.84055,                0.90228,                0.77708,                0.67464,                0.62791,                 1.0685,             0.00040067,             0.00040067,             0.00040067
                    124,                0.43897,                0.31307,                0.85141,                0.90164,                0.85308,                0.89864,                0.77967,                0.66365,                0.62355,                 1.0542,             0.00039847,             0.00039847,             0.00039847
                    125,                0.42163,                0.31011,                 0.8466,                0.90969,                 0.8538,                0.90856,                0.79537,                0.64926,                0.60688,                 1.0493,             0.00039626,             0.00039626,             0.00039626
                    126,                0.43482,                0.31195,                0.85112,                0.89798,                0.83895,                0.89807,                0.78312,                0.65553,                0.64279,                 1.0583,             0.00039406,             0.00039406,             0.00039406
                    127,                 0.4312,                0.31231,                 0.8548,                0.90033,                 0.8479,                 0.9048,                0.80449,                0.62847,                0.59353,                 1.0235,             0.00039186,             0.00039186,             0.00039186
                    128,                 0.4342,                0.30699,                0.84872,                0.92099,                0.86976,                0.91753,                0.80939,                0.61732,                0.58967,                 1.0057,             0.00038966,             0.00038966,             0.00038966
                    129,                0.43929,                0.31734,                0.85505,                0.91265,                0.86437,                0.91912,                0.80955,                0.63094,                0.58137,                 1.0119,             0.00038746,             0.00038746,             0.00038746
                    130,                0.44033,                 0.3136,                0.85187,                0.89743,                0.86857,                0.91791,                0.80961,                0.63971,                0.54605,                 1.0363,             0.00038526,             0.00038526,             0.00038526
                    131,                0.43153,                0.31175,                0.84943,                0.89444,                0.87932,                0.91753,                0.80394,                0.62677,                0.56701,                 1.0211,             0.00038306,             0.00038306,             0.00038306
                    132,                0.42053,                0.30257,                0.84968,                0.92173,                0.87972,                0.92194,                0.80243,                0.62387,                0.53944,                 1.0288,             0.00038086,             0.00038086,             0.00038086
                    133,                0.42741,                0.30232,                0.84784,                0.88986,                0.86503,                0.91205,                0.78603,                0.64772,                0.56484,                 1.0553,             0.00037866,             0.00037866,             0.00037866
                    134,                0.41394,                0.30075,                0.84801,                0.86822,                0.83363,                0.90198,                 0.7845,                0.63094,                 0.6173,                 1.0377,             0.00037645,             0.00037645,             0.00037645
                    135,                  0.431,                0.30696,                0.85132,                0.85483,                0.86751,                0.90986,                0.78727,                0.64028,                0.58834,                 1.0467,             0.00037425,             0.00037425,             0.00037425
                    136,                0.42097,                0.30028,                0.84208,                0.89859,                0.85177,                0.90592,                 0.7965,                 0.6509,                0.60032,                 1.0529,             0.00037205,             0.00037205,             0.00037205
                    137,                0.41856,                0.29987,                0.84817,                0.90947,                0.85898,                0.91475,                0.79583,                0.63095,                0.57647,                 1.0438,             0.00036985,             0.00036985,             0.00036985
                    138,                0.42601,                0.31201,                0.84665,                0.89672,                0.85025,                0.90731,                0.79954,                0.64768,                0.57107,                 1.0603,             0.00036765,             0.00036765,             0.00036765
                    139,                0.43339,                0.30948,                0.84782,                0.90344,                0.83335,                0.90809,                0.78872,                0.64545,                0.60611,                 1.0597,             0.00036545,             0.00036545,             0.00036545
                    140,                0.41988,                0.30007,                 0.8487,                0.88022,                 0.8635,                0.90641,                0.79066,                0.65181,                0.61025,                 1.0559,             0.00036325,             0.00036325,             0.00036325
                    141,                0.41568,                0.29798,                 0.8442,                0.89694,                0.86507,                0.90477,                0.78859,                0.65023,                 0.6039,                 1.0553,             0.00036105,             0.00036105,             0.00036105
                    142,                0.41111,                0.29257,                0.84508,                0.88688,                0.86144,                0.92084,                0.79831,                0.63457,                 0.5677,                 1.0412,             0.00035885,             0.00035885,             0.00035885
                    143,                0.41258,                0.29431,                0.85247,                0.91021,                0.86837,                0.92509,                0.80255,                0.62708,                0.54984,                  1.034,             0.00035664,             0.00035664,             0.00035664
                    144,                 0.4117,                0.29432,                0.84535,                0.90545,                 0.8688,                0.91406,                0.79373,                0.63448,                 0.5729,                 1.0585,             0.00035444,             0.00035444,             0.00035444
                    145,                0.42766,                0.30158,                0.85296,                0.90769,                0.85711,                0.89776,                0.78057,                0.63227,                0.60275,                 1.0539,             0.00035224,             0.00035224,             0.00035224
                    146,                0.41768,                0.29427,                0.84504,                0.90067,                 0.8537,                 0.9006,                0.77504,                0.63949,                0.63427,                 1.0522,             0.00035004,             0.00035004,             0.00035004
                    147,                0.41746,                0.29359,                0.84566,                0.90591,                0.87119,                0.91813,                0.79668,                0.63176,                0.59837,                 1.0475,             0.00034784,             0.00034784,             0.00034784
                    148,                0.41889,                0.29519,                0.84366,                0.92637,                0.86214,                0.92037,                0.79713,                0.64647,                0.55733,                 1.0383,             0.00034564,             0.00034564,             0.00034564
                    149,                0.41824,                0.29767,                0.84225,                0.93454,                0.85628,                0.91288,                0.79856,                0.65137,                0.53075,                 1.0449,             0.00034344,             0.00034344,             0.00034344
                    150,                0.41483,                0.29233,                0.84287,                0.91002,                0.87777,                0.92268,                0.79529,                0.65074,                0.55124,                 1.0471,             0.00034124,             0.00034124,             0.00034124
                    151,                0.40505,                0.28574,                0.84259,                0.89615,                0.86953,                0.91474,                0.79649,                0.63307,                0.57752,                 1.0449,             0.00033904,             0.00033904,             0.00033904
                    152,                0.39955,                0.28538,                0.84109,                0.88756,                0.86293,                 0.9081,                0.78055,                0.63453,                0.57808,                 1.0504,             0.00033683,             0.00033683,             0.00033683
                    153,                0.40416,                0.28937,                0.84109,                0.92191,                0.87493,                0.91216,                0.79233,                0.62561,                0.52636,                 1.0396,             0.00033463,             0.00033463,             0.00033463
                    154,                0.40483,                0.28727,                0.84819,                0.92278,                0.85694,                0.91408,                0.79073,                0.63426,                0.57354,                 1.0429,             0.00033243,             0.00033243,             0.00033243
                    155,                0.41057,                0.29185,                0.84422,                0.92463,                0.87195,                0.92167,                0.79731,                0.63475,                0.54141,                 1.0377,             0.00033023,             0.00033023,             0.00033023
                    156,                0.40458,                0.28949,                0.84014,                0.91741,                0.86978,                0.92432,                0.80899,                0.63893,                0.53464,                 1.0344,             0.00032803,             0.00032803,             0.00032803
                    157,                0.39221,                0.27878,                 0.8402,                0.92003,                0.85662,                0.92435,                0.80398,                0.62994,                0.52172,                 1.0245,             0.00032583,             0.00032583,             0.00032583
                    158,                0.39592,                0.28481,                  0.843,                0.93855,                0.85309,                 0.9163,                0.80346,                0.61699,                0.56056,                 1.0153,             0.00032363,             0.00032363,             0.00032363
                    159,                0.40036,                0.28063,                0.84327,                0.91947,                 0.8399,                0.91071,                0.79954,                0.60728,                0.57427,                 1.0142,             0.00032143,             0.00032143,             0.00032143
                    160,                0.40587,                0.28654,                0.84078,                0.90971,                0.84569,                0.90184,                0.79391,                0.61593,                0.58608,                  1.026,             0.00031923,             0.00031923,             0.00031923
                    161,                0.39816,                 0.2849,                0.83839,                0.91908,                0.85658,                0.90968,                0.79684,                0.61002,                0.56464,                 1.0252,             0.00031703,             0.00031703,             0.00031703
                    162,                0.39935,                0.28128,                0.84073,                 0.9184,                0.85507,                0.91203,                0.79611,                0.63527,                 0.5723,                 1.0327,             0.00031482,             0.00031482,             0.00031482
                    163,                0.39089,                0.27849,                0.83882,                0.90945,                 0.8556,                0.91056,                0.80168,                 0.6149,                0.58988,                 1.0292,             0.00031262,             0.00031262,             0.00031262
                    164,                0.39756,                0.28417,                0.83914,                0.91036,                0.86158,                0.90845,                0.78526,                0.65049,                0.60117,                 1.0568,             0.00031042,             0.00031042,             0.00031042
                    165,                0.39712,                0.28502,                0.84167,                0.93176,                0.84518,                0.91922,                0.79313,                0.64042,                0.56707,                 1.0546,             0.00030822,             0.00030822,             0.00030822
                    166,                0.38982,                 0.2787,                0.83933,                0.92369,                0.85196,                0.92412,                0.79975,                0.63135,                0.54898,                 1.0472,             0.00030602,             0.00030602,             0.00030602
                    167,                0.38017,                0.27518,                0.83782,                0.91583,                0.85117,                0.91591,                0.79732,                0.64146,                0.56237,                 1.0499,             0.00030382,             0.00030382,             0.00030382
                    168,                0.39837,                0.28378,                0.84082,                0.89538,                0.85297,                0.90194,                0.78632,                0.64762,                0.60111,                 1.0521,             0.00030162,             0.00030162,             0.00030162
                    169,                0.40028,                0.28624,                0.84025,                0.89955,                0.85369,                0.90506,                0.78592,                 0.6281,                0.61482,                 1.0439,             0.00029942,             0.00029942,             0.00029942
                    170,                0.37897,                 0.2816,                0.83567,                0.90877,                0.86802,                0.91558,                0.79984,                 0.6434,                0.58926,                 1.0519,             0.00029722,             0.00029722,             0.00029722
                    171,                0.38724,                0.28607,                0.83873,                0.89378,                0.83692,                0.90212,                0.79796,                0.63026,                0.62543,                 1.0407,             0.00029501,             0.00029501,             0.00029501
                    172,                0.39295,                0.27821,                0.83619,                0.88614,                0.85971,                 0.9002,                0.79707,                 0.6203,                0.60815,                 1.0447,             0.00029281,             0.00029281,             0.00029281
                    173,                0.38539,                0.27743,                0.83756,                0.90407,                0.87165,                0.91049,                0.79995,                 0.6308,                0.57372,                 1.0457,             0.00029061,             0.00029061,             0.00029061
                    174,                0.38644,                0.28006,                0.84211,                0.91338,                0.87521,                0.92021,                0.80291,                0.62894,                0.54806,                 1.0435,             0.00028841,             0.00028841,             0.00028841
                    175,                0.38479,                0.27672,                0.83584,                0.91548,                 0.8665,                0.92124,                0.81298,                0.61444,                0.51212,                 1.0471,             0.00028621,             0.00028621,             0.00028621
                    176,                0.38165,                 0.2739,                0.83787,                0.92667,                0.85072,                0.91796,                0.80333,                0.63326,                0.52297,                 1.0516,             0.00028401,             0.00028401,             0.00028401
                    177,                0.38055,                0.27625,                0.83607,                0.91848,                0.85773,                0.92073,                 0.8096,                0.61636,                0.53429,                 1.0291,             0.00028181,             0.00028181,             0.00028181
                    178,                0.39171,                0.28002,                0.84174,                0.93648,                0.83869,                0.92076,                0.80447,                0.61815,                0.57731,                  1.045,             0.00027961,             0.00027961,             0.00027961
                    179,                0.39308,                 0.2804,                0.83714,                 0.9389,                0.84258,                0.91317,                0.80437,                0.62604,                0.57519,                  1.058,             0.00027741,             0.00027741,             0.00027741
                    180,                 0.3889,                0.27438,                0.83706,                0.93874,                0.83837,                0.91316,                0.80479,                0.62671,                0.56819,                 1.0682,              0.0002752,              0.0002752,              0.0002752
                    181,                0.38624,                0.27409,                0.84116,                0.91978,                0.85115,                0.91623,                 0.8104,                0.62487,                0.57524,                 1.0622,               0.000273,               0.000273,               0.000273
                    182,                0.38046,                 0.2696,                 0.8335,                 0.9366,                0.85874,                0.92104,                0.81216,                0.61995,                0.57417,                 1.0518,              0.0002708,              0.0002708,              0.0002708
                    183,                0.37469,                0.26527,                0.83839,                0.92407,                0.86388,                0.91939,                0.80847,                0.62896,                0.57103,                 1.0547,              0.0002686,              0.0002686,              0.0002686
                    184,                0.38308,                0.27114,                0.83864,                0.94544,                0.85538,                0.92524,                0.81096,                0.63293,                0.53735,                   1.05,              0.0002664,              0.0002664,              0.0002664
                    185,                0.38041,                0.27088,                0.83718,                0.92703,                 0.8398,                 0.9137,                0.81606,                0.61704,                0.55914,                 1.0285,              0.0002642,              0.0002642,              0.0002642
                    186,                0.38519,                0.27517,                0.83925,                0.89609,                0.84378,                0.91526,                0.81494,                0.60717,                 0.5381,                 1.0259,               0.000262,               0.000262,               0.000262
                    187,                0.37181,                 0.2628,                0.83379,                0.88324,                 0.8699,                0.92071,                0.80726,                  0.612,                0.53571,                 1.0263,              0.0002598,              0.0002598,              0.0002598
                    188,                0.37586,                0.26531,                0.83558,                0.91327,                0.85132,                0.92379,                0.81149,                0.60853,                0.52395,                 1.0132,              0.0002576,              0.0002576,              0.0002576
                    189,                0.37009,                 0.2647,                0.83456,                0.89776,                0.85042,                0.92409,                0.79725,                0.62028,                0.54407,                 1.0268,             0.00025539,             0.00025539,             0.00025539
                    190,                0.37488,                0.26526,                0.83502,                0.92323,                0.85288,                0.92396,                0.80055,                0.63434,                0.53944,                 1.0493,             0.00025319,             0.00025319,             0.00025319
                    191,                0.36614,                0.26009,                0.83125,                0.93651,                0.85263,                0.92674,                 0.8084,                 0.6424,                0.53608,                 1.0588,             0.00025099,             0.00025099,             0.00025099
                    192,                 0.3691,                0.26187,                0.82933,                0.92266,                0.85518,                0.91948,                0.81234,                0.63647,                0.54669,                 1.0544,             0.00024879,             0.00024879,             0.00024879
                    193,                0.37575,                0.27142,                0.84003,                0.89689,                0.86355,                0.92142,                0.80708,                0.63523,                0.56611,                 1.0426,             0.00024659,             0.00024659,             0.00024659
                    194,                0.37012,                0.26538,                 0.8339,                 0.8933,                0.84688,                0.91682,                 0.8131,                0.63938,                0.57611,                 1.0385,             0.00024439,             0.00024439,             0.00024439
                    195,                0.37087,                0.26602,                0.83406,                0.90218,                0.85655,                0.91845,                 0.8068,                0.63688,                 0.5476,                 1.0293,             0.00024219,             0.00024219,             0.00024219
                    196,                0.38173,                0.26958,                0.83521,                0.91892,                0.87039,                0.92051,                0.81293,                0.61162,                0.51966,                 1.0173,             0.00023999,             0.00023999,             0.00023999
                    197,                 0.3589,                 0.2581,                0.83204,                 0.9385,                 0.8729,                0.92686,                0.82298,                0.59617,                0.49692,                 1.0079,             0.00023779,             0.00023779,             0.00023779
                    198,                0.36284,                0.25707,                0.83262,                 0.9089,                0.87898,                0.92538,                0.81912,                0.60488,                 0.5328,                 1.0215,             0.00023558,             0.00023558,             0.00023558
                    199,                  0.376,                0.26451,                0.83583,                0.92425,                0.84693,                0.91978,                0.81312,                0.61752,                0.54899,                 1.0343,             0.00023338,             0.00023338,             0.00023338
                    200,                0.36695,                0.26001,                0.82731,                0.92689,                 0.8632,                0.91825,                0.80035,                0.62828,                0.56059,                 1.0551,             0.00023118,             0.00023118,             0.00023118
                    201,                0.36264,                0.25588,                 0.8318,                0.92668,                0.86548,                0.92238,                0.80591,                0.62675,                0.54312,                 1.0518,             0.00022898,             0.00022898,             0.00022898
                    202,                0.36452,                0.26108,                0.83032,                0.93747,                0.86315,                0.93098,                0.80991,                0.63222,                0.52117,                 1.0565,             0.00022678,             0.00022678,             0.00022678
                    203,                0.35848,                0.25943,                0.83258,                0.93761,                0.85883,                0.92602,                0.80666,                0.61164,                0.52295,                 1.0429,             0.00022458,             0.00022458,             0.00022458
                    204,                0.34883,                0.25133,                 0.8337,                0.92786,                0.86243,                0.91704,                0.80935,                0.61321,                0.51694,                 1.0467,             0.00022238,             0.00022238,             0.00022238
                    205,                0.35922,                0.25845,                0.83566,                 0.9016,                 0.8766,                0.91827,                0.81422,                0.60968,                0.52346,                 1.0374,             0.00022018,             0.00022018,             0.00022018
                    206,                0.35769,                0.26019,                 0.8311,                0.91415,                0.87304,                0.91862,                0.81216,                0.61929,                 0.5367,                 1.0335,             0.00021798,             0.00021798,             0.00021798
                    207,                0.36412,                0.26168,                0.83109,                 0.8906,                0.86559,                0.91749,                0.80818,                0.61779,                0.55513,                 1.0318,             0.00021577,             0.00021577,             0.00021577
                    208,                0.36807,                0.26205,                0.83226,                0.85925,                0.86816,                0.91036,                0.79958,                0.62601,                0.58672,                 1.0389,             0.00021357,             0.00021357,             0.00021357
                    209,                0.35742,                0.25658,                0.82963,                0.88072,                0.86947,                0.91128,                0.80524,                0.61272,                0.59131,                 1.0253,             0.00021137,             0.00021137,             0.00021137
                    210,                0.35791,                0.25488,                0.83314,                0.89697,                0.85917,                0.91172,                0.80638,                0.61649,                0.57479,                 1.0388,             0.00020917,             0.00020917,             0.00020917
                    211,                0.35489,                 0.2529,                0.83372,                0.88867,                0.86509,                 0.9152,                0.80768,                0.62392,                0.56152,                 1.0425,             0.00020697,             0.00020697,             0.00020697
                    212,                0.36324,                0.26027,                0.83241,                0.91961,                 0.8347,                0.90502,                0.80397,                 0.6333,                0.57996,                 1.0442,             0.00020477,             0.00020477,             0.00020477
                    213,                0.35892,                0.25832,                0.82714,                 0.9243,                0.82904,                0.90643,                0.80331,                0.63035,                0.57222,                 1.0439,             0.00020257,             0.00020257,             0.00020257
                    214,                0.35206,                0.25481,                0.83183,                0.91378,                0.83343,                0.90024,                0.79419,                0.63173,                0.58198,                 1.0491,             0.00020037,             0.00020037,             0.00020037
                    215,                0.34533,                0.24706,                0.82525,                0.89777,                0.85155,                0.90608,                0.80268,                0.61832,                0.57084,                  1.042,             0.00019817,             0.00019817,             0.00019817
                    216,                0.34686,                0.24755,                0.82896,                0.92874,                0.83174,                0.91051,                0.81099,                0.61616,                0.57137,                 1.0461,             0.00019596,             0.00019596,             0.00019596
                    217,                0.35565,                0.25227,                0.82981,                0.89387,                 0.8721,                0.90742,                0.80478,                0.61211,                0.56184,                 1.0476,             0.00019376,             0.00019376,             0.00019376
                    218,                0.35115,                0.25416,                0.83088,                0.90597,                0.85491,                0.90147,                0.80099,                0.61287,                0.59104,                 1.0359,             0.00019156,             0.00019156,             0.00019156
                    219,                0.35018,                0.24927,                0.82852,                0.89348,                0.85081,                0.89652,                0.79137,                0.62082,                0.60578,                  1.039,             0.00018936,             0.00018936,             0.00018936
                    220,                0.35248,                0.24852,                0.82554,                0.90082,                0.85458,                0.90769,                0.79684,                0.61058,                0.58043,                 1.0365,             0.00018716,             0.00018716,             0.00018716
                    221,                0.34649,                0.24684,                0.82942,                0.88466,                0.85833,                0.91026,                0.79903,                0.61728,                0.57067,                 1.0337,             0.00018496,             0.00018496,             0.00018496
                    222,                0.34637,                0.24872,                0.83322,                0.90509,                0.85621,                0.91423,                0.80503,                0.61885,                0.55185,                 1.0325,             0.00018276,             0.00018276,             0.00018276
                    223,                0.34702,                0.24678,                0.82841,                0.91743,                0.86322,                 0.9177,                0.81177,                0.61396,                0.54379,                  1.023,             0.00018056,             0.00018056,             0.00018056
                    224,                0.34614,                0.24819,                0.82732,                0.94012,                0.84619,                0.91459,                0.81734,                0.61693,                0.53602,                 1.0242,             0.00017836,             0.00017836,             0.00017836
                    225,                0.34297,                0.25058,                0.82735,                 0.9144,                0.86201,                0.91288,                0.81801,                 0.6165,                0.54418,                 1.0289,             0.00017615,             0.00017615,             0.00017615
                    226,                0.35072,                0.24753,                0.83098,                0.93273,                0.84958,                0.91075,                0.80801,                0.62786,                0.55426,                 1.0422,             0.00017395,             0.00017395,             0.00017395
                    227,                0.34012,                 0.2458,                0.82403,                0.92618,                0.84384,                0.90607,                0.80106,                0.62055,                0.54741,                 1.0426,             0.00017175,             0.00017175,             0.00017175
                    228,                0.34406,                0.24461,                0.83179,                0.91194,                0.86202,                0.90342,                0.79878,                0.62167,                0.56319,                 1.0372,             0.00016955,             0.00016955,             0.00016955
                    229,                0.33747,                0.24654,                 0.8282,                0.91315,                0.86186,                0.90922,                0.80403,                0.62046,                0.56996,                 1.0427,             0.00016735,             0.00016735,             0.00016735
                    230,                0.34757,                0.24632,                0.82626,                0.93084,                0.84585,                0.90888,                0.80122,                0.60977,                0.56343,                 1.0314,             0.00016515,             0.00016515,             0.00016515
                    231,                0.35048,                0.24833,                0.82775,                0.92114,                0.84718,                0.91667,                0.81014,                 0.6026,                0.55558,                 1.0285,             0.00016295,             0.00016295,             0.00016295
                    232,                0.34623,                0.24623,                 0.8231,                0.90276,                0.86502,                0.91415,                0.80874,                0.60201,                0.54007,                 1.0243,             0.00016075,             0.00016075,             0.00016075
                    233,                0.35005,                0.24832,                 0.8284,                0.90061,                0.87294,                0.92198,                0.81665,                0.59558,                0.53432,                 1.0175,             0.00015855,             0.00015855,             0.00015855
                    234,                0.34142,                0.24198,                0.82633,                0.90725,                0.87075,                0.92339,                0.82209,                0.60377,                0.51967,                 1.0289,             0.00015634,             0.00015634,             0.00015634
                    235,                0.34065,                0.24494,                0.83166,                0.92326,                0.85388,                0.91543,                0.81267,                0.61075,                 0.5328,                 1.0304,             0.00015414,             0.00015414,             0.00015414
                    236,                0.34371,                0.24481,                0.82954,                0.92152,                0.85202,                0.90676,                0.80639,                0.60609,                0.53866,                 1.0291,             0.00015194,             0.00015194,             0.00015194
                    237,                0.34753,                 0.2462,                0.83125,                0.91095,                0.86114,                0.91472,                0.80768,                0.61305,                0.53941,                 1.0424,             0.00014974,             0.00014974,             0.00014974
                    238,                0.33994,                0.24213,                0.82576,                0.89115,                0.87294,                0.92002,                0.80641,                0.62362,                0.54542,                  1.048,             0.00014754,             0.00014754,             0.00014754
                    239,                0.33676,                0.23845,                0.82851,                0.91081,                0.87287,                0.91844,                0.81116,                0.61996,                0.54767,                 1.0414,             0.00014534,             0.00014534,             0.00014534
                    240,                0.32987,                0.23705,                0.82555,                0.91332,                0.85906,                0.91362,                0.80456,                0.62253,                0.56224,                 1.0392,             0.00014314,             0.00014314,             0.00014314
                    241,                0.33966,                0.24569,                0.82627,                 0.8962,                0.87908,                0.91464,                0.80744,                0.61047,                 0.5691,                 1.0231,             0.00014094,             0.00014094,             0.00014094
                    242,                0.33625,                0.23657,                0.82531,                0.90648,                0.86988,                0.91284,                0.80182,                0.61619,                0.59065,                 1.0301,             0.00013874,             0.00013874,             0.00013874
                    243,                0.33465,                0.23994,                0.82275,                0.90907,                 0.8693,                0.90929,                0.79928,                 0.6223,                0.57861,                 1.0425,             0.00013653,             0.00013653,             0.00013653
                    244,                0.33459,                0.23606,                0.82385,                0.91116,                 0.8716,                0.90779,                0.79614,                0.62193,                0.56343,                 1.0468,             0.00013433,             0.00013433,             0.00013433
                    245,                0.34468,                0.24283,                 0.8248,                0.90577,                0.87063,                0.90693,                0.79531,                0.61742,                 0.5657,                 1.0419,             0.00013213,             0.00013213,             0.00013213
                    246,                0.32948,                0.23752,                0.82649,                0.90809,                0.86696,                 0.9137,                 0.8063,                0.60858,                0.54806,                 1.0345,             0.00012993,             0.00012993,             0.00012993
                    247,                0.33317,                0.23518,                 0.8272,                0.91833,                0.86429,                0.91193,                0.81193,                0.60789,                0.55389,                  1.038,             0.00012773,             0.00012773,             0.00012773
